arm;-1;2024-05-12 14:36:30;LINUX-RESTART	(6 CPU)
# hostname;interval;timestamp;kbmemfree;kbavail;kbmemused;%memused;kbbuffers;kbcached;kbcommit;%commit;kbactive;kbinact;kbdirty;kbanonpg;kbslab;kbkstack;kbpgtbl;kbvmused
arm;10;2024-05-12 14:36:40;2100400;2982304;582020;14.76;41644;1105028;3488072;88.44;519540;921596;120;504944;114876;7552;14772;31492
arm;10;2024-05-12 14:36:50;2100588;2982504;581820;14.75;41652;1105032;3488176;88.44;519552;921704;0;505016;114876;7552;14764;31524
arm;10;2024-05-12 14:37:00;2100604;2982528;581800;14.75;41660;1105028;3488176;88.44;519576;921728;0;505020;114876;7552;14772;31508
arm;10;2024-05-12 14:37:10;2100708;2982636;581684;14.75;41672;1105028;3488176;88.44;519576;921732;8;505020;114876;7552;14772;31492
arm;10;2024-05-12 14:37:20;2100960;2982912;581416;14.74;41684;1105032;3488176;88.44;519600;921732;16;505020;114876;7552;14768;31492
arm;10;2024-05-12 14:37:30;2102276;2984240;580088;14.71;41692;1105036;3488176;88.44;519608;921776;8;505096;114876;7584;14860;31524
arm;10;2024-05-12 14:37:40;2101120;2983092;581236;14.74;41700;1105036;3488176;88.44;519616;921628;0;504936;114876;7536;14720;31508
arm;10;2024-05-12 14:37:50;2100868;2982852;581468;14.74;41716;1105040;3488176;88.44;519628;921744;0;505028;114876;7504;14768;31460
arm;10;2024-05-12 14:38:00;2100868;2982868;581452;14.74;41724;1105040;3488176;88.44;519644;921596;4;504880;114884;7504;14772;31476
arm;10;2024-05-12 14:38:10;2100616;2982628;581692;14.75;41732;1105044;3488184;88.44;519652;921608;8;504888;114884;7504;14764;31476
arm;10;2024-05-12 14:38:20;2100644;2982672;581648;14.75;41748;1105044;3488184;88.44;519664;921668;8;504944;114884;7472;14720;31444
arm;10;2024-05-12 14:38:30;2100644;2982684;581636;14.75;41756;1105048;3488184;88.44;519676;921760;0;505036;114884;7488;14768;31460
arm;10;2024-05-12 14:38:40;2100392;2982444;581876;14.75;41768;1105048;3488184;88.44;519688;921756;0;505032;114884;7488;14772;31444
arm;10;2024-05-12 14:38:50;2099636;2981724;582596;14.77;41796;1105056;3488184;88.44;519712;921700;44;504980;114884;7472;14720;31444
arm;10;2024-05-12 14:39:00;2080356;2962480;601856;15.26;41812;1105036;3547272;89.94;520044;937660;76;521244;114908;7520;15024;31484
arm;10;2024-05-12 14:39:10;2072212;2957616;606544;15.38;41820;1108108;3553248;90.09;520072;946708;2336;527248;115284;7568;15252;31500
arm;10;2024-05-12 14:39:20;2067716;2957792;606472;15.38;41852;1112628;3553248;90.09;520100;951192;5436;527072;115300;7616;15248;31612
arm;10;2024-05-12 14:39:30;2063432;2957832;605908;15.36;41868;1116908;3553248;90.09;520120;955432;9724;527088;115852;7616;15256;31628
arm;10;2024-05-12 14:39:40;2053504;2952604;611580;15.51;41884;1121428;3553248;90.09;520136;959964;8112;527236;115572;7616;15252;31628
arm;10;2024-05-12 14:39:50;2052668;2956268;607772;15.41;41900;1125772;3553248;90.09;520152;964340;4676;527236;115856;7616;15248;31628
arm;10;2024-05-12 14:40:00;2044448;2952380;611084;15.49;41916;1130040;3553272;90.09;520168;968380;7144;527088;116480;7616;15256;31644
arm;10;2024-05-12 14:40:10;2043956;2956212;607500;15.40;41940;1134160;3553284;90.09;520188;972644;1272;527156;116412;7600;15204;31628
arm;10;2024-05-12 14:40:20;2034724;2951528;612472;15.53;41956;1138588;3555084;90.14;520212;978784;3504;528892;116228;7632;15312;31636
arm;10;2024-05-12 14:40:30;2032880;2953868;609968;15.47;41972;1142640;3555204;90.14;520228;982944;5388;529020;116508;7664;15356;31684
arm;10;2024-05-12 14:40:40;2028208;2953256;610820;15.49;41988;1146592;3555204;90.14;520244;986856;736;528988;116360;7664;15312;31652
arm;10;2024-05-12 14:40:50;2012716;2941904;621980;15.77;42008;1150660;3555204;90.14;520264;990824;3144;528988;116604;7664;15312;31668
arm;10;2024-05-12 14:41:00;2008908;2942732;621308;15.75;42024;1155088;3555204;90.14;520264;995352;7452;528840;116640;7664;15316;31652
arm;10;2024-05-12 14:41:11;2013380;2951292;612572;15.53;42040;1159044;3555204;90.14;520288;999304;492;528988;116932;7664;15312;31668
arm;10;2024-05-12 14:41:21;2007604;2949972;614012;15.57;42060;1163400;3555204;90.14;520304;1003640;4200;528988;116892;7664;15316;31684
arm;10;2024-05-12 14:41:31;2002416;2949144;614836;15.59;42076;1167620;3555204;90.14;520340;1007816;5444;528860;117020;7664;15320;31700
arm;10;2024-05-12 14:41:41;1990812;2942064;621632;15.76;42092;1172004;3555204;90.14;520340;1012084;3448;528840;117428;7664;15312;31700
arm;10;2024-05-12 14:41:51;1991612;2947492;616472;15.63;42112;1176456;3555204;90.14;520356;1016568;7896;528840;117316;7664;15312;31700
arm;10;2024-05-12 14:42:01;1983752;2944012;619636;15.71;42128;1180752;3555208;90.14;520376;1020968;12192;528844;117700;7664;15316;31700
arm;10;2024-05-12 14:42:11;1987348;2952300;611652;15.51;42144;1185236;3555212;90.14;520388;1025444;8520;528976;117588;7664;15308;31684
arm;10;2024-05-12 14:42:21;1981992;2951496;612244;15.52;42160;1189664;3555212;90.14;520408;1029936;6304;528996;117908;7680;15308;31684
arm;10;2024-05-12 14:42:31;1968488;2942444;621116;15.75;42176;1194016;3555212;90.14;520424;1034248;10664;528992;118172;7680;15316;31684
arm;10;2024-05-12 14:42:41;1968080;2946812;617032;15.64;42192;1198608;3555212;90.14;520440;1038884;7560;528996;118056;7680;15312;31684
arm;10;2024-05-12 14:42:51;1959236;2942500;621384;15.76;42208;1203020;3555212;90.14;520456;1043288;5464;528996;118120;7680;15312;31684
arm;10;2024-05-12 14:43:01;1962516;2950028;613868;15.56;42224;1207096;3555188;90.14;520472;1047252;3404;528848;118264;7680;15320;31684
arm;10;2024-05-12 14:43:11;1954600;2946612;617232;15.65;42240;1211496;3555180;90.14;520488;1051744;7748;528984;118400;7680;15316;31684
arm;10;2024-05-12 14:43:21;1952232;2948784;615068;15.60;42256;1215876;3555180;90.14;520512;1056136;5868;528988;118536;7680;15312;31684
arm;10;2024-05-12 14:43:31;1944828;2945744;618108;15.67;42272;1220088;3555180;90.14;520528;1060364;10080;528988;118672;7680;15312;31700
arm;10;2024-05-12 14:43:41;1946992;2950200;613592;15.56;42288;1222288;3555180;90.14;520544;1062576;4096;528988;118808;7680;15312;31700
arm;10;2024-05-12 14:43:51;1939356;2946576;617220;15.65;42320;1226212;3555180;90.14;520552;1066480;1716;528988;118860;7680;15316;31716
arm;10;2024-05-12 14:44:01;1939056;2950576;612884;15.54;42344;1230296;3555204;90.14;520608;1070584;2764;528988;119388;7696;15308;31724
arm;10;2024-05-12 14:44:11;1934188;2950036;613816;15.56;42424;1234400;3555216;90.14;520680;1074716;4844;529000;119140;7664;15308;31692
arm;10;2024-05-12 14:44:21;1922292;2942520;620708;15.74;42440;1238716;3555216;90.14;520692;1078892;2076;528908;119812;7648;15264;31692
arm;10;2024-05-12 14:44:31;1913112;2938116;625580;15.86;42448;1243316;3555216;90.14;520712;1083608;6628;529000;119512;7648;15316;31676
arm;10;2024-05-12 14:44:41;1920200;2949392;614352;15.58;42464;1247396;3555216;90.14;520716;1087576;4232;528908;119556;7632;15264;31676
arm;10;2024-05-12 14:44:51;1917476;2950864;612800;15.54;42480;1251448;3555216;90.14;520744;1091728;6904;528996;119764;7648;15308;31660
arm;10;2024-05-12 14:45:01;1899520;2937404;626244;15.88;42496;1255840;3555216;90.14;520760;1096068;4056;529000;119868;7648;15316;31676
arm;10;2024-05-12 14:45:11;1901088;2943396;620292;15.73;42516;1260124;3555216;90.14;520772;1100216;3916;528848;119948;7648;15308;31676
arm;10;2024-05-12 14:45:21;1900616;2947316;616444;15.63;42532;1264284;3555216;90.14;520792;1104512;5712;528908;120092;7632;15264;31676
arm;10;2024-05-12 14:45:31;1901224;2952536;611332;15.50;42548;1268628;3555216;90.14;520812;1109068;3652;529000;120236;7632;15316;31660
arm;10;2024-05-12 14:45:41;1887700;2943556;620116;15.72;42564;1273212;3555216;90.14;520820;1113480;8256;529000;120376;7632;15308;31660
arm;10;2024-05-12 14:45:51;1889716;2949568;614048;15.57;42580;1277096;3555216;90.14;520844;1117316;5028;529000;120528;7632;15312;31644
arm;10;2024-05-12 14:46:01;1887484;2951276;612348;15.53;42596;1280872;3555216;90.14;520864;1121044;1088;528908;120668;7616;15264;31644
arm;10;2024-05-12 14:46:11;1884080;2952348;611188;15.50;42612;1285136;3555224;90.14;520880;1125372;4120;528916;120952;7600;15264;31644
arm;10;2024-05-12 14:46:21;1874768;2947396;616092;15.62;42628;1289404;3555224;90.14;520900;1129700;5584;529012;121076;7616;15308;31644
arm;10;2024-05-12 14:46:31;1873640;2950672;612456;15.53;42648;1293660;3555224;90.14;520920;1133964;3524;529012;121564;7616;15312;31644
arm;10;2024-05-12 14:46:41;1869644;2951368;612156;15.52;42668;1298292;3555224;90.14;520940;1138496;8060;529012;121208;7616;15312;31644
arm;10;2024-05-12 14:46:51;1864056;2950384;613128;15.55;42684;1302668;3555224;90.14;520956;1142972;4344;529012;121432;7632;15308;31644
arm;10;2024-05-12 14:47:01;1859364;2950312;613300;15.55;42700;1307120;3555224;90.14;520972;1147440;8804;529012;121484;7632;15316;31644
arm;10;2024-05-12 14:47:11;1857348;2952608;610560;15.48;42720;1311364;3555204;90.14;520992;1151612;6396;528992;121976;7648;15312;31644
arm;10;2024-05-12 14:47:21;1845644;2945668;617928;15.67;42736;1315912;3555204;90.14;521008;1156224;10920;528992;121748;7632;15308;31660
arm;10;2024-05-12 14:47:31;1846488;2950972;612168;15.52;42752;1320300;3555204;90.14;521024;1160556;7836;528992;122260;7632;15312;31676
arm;10;2024-05-12 14:47:42;1840744;2949848;613680;15.56;42776;1324736;3555204;90.14;521044;1164932;5820;528900;122032;7616;15264;31676
arm;10;2024-05-12 14:47:52;1833516;2947148;615996;15.62;42792;1329180;3555204;90.14;521064;1169480;10220;529064;122484;7648;15356;31676
arm;10;2024-05-12 14:48:02;1818292;2936624;626760;15.89;42808;1333660;3555204;90.14;521076;1173924;6920;528976;122448;7632;15308;31676
arm;10;2024-05-12 14:48:12;1827028;2949912;613236;15.55;42824;1338112;3555220;90.14;521092;1178376;4824;528988;122768;7632;15308;31676
arm;10;2024-05-12 14:48:22;1808036;2935360;628144;15.93;42840;1342408;3555220;90.14;521112;1182548;9056;528860;122540;7632;15312;31676
arm;10;2024-05-12 14:48:32;1814020;2945780;617472;15.66;42856;1346708;3555220;90.14;521124;1186928;5724;528916;122912;7616;15264;31676
arm;10;2024-05-12 14:48:42;1810388;2946752;616668;15.64;42872;1351220;3555220;90.14;521144;1191488;4048;529008;122820;7648;15312;31676
arm;10;2024-05-12 14:48:52;1787752;2929060;634212;16.08;42956;1355860;3609928;91.53;521352;1218360;3468;551324;123188;7840;15648;31812
arm;10;2024-05-12 14:49:02;1790736;2936596;626596;15.89;42972;1360276;3555244;90.14;521364;1202468;7652;531004;123388;7712;15316;31724
arm;10;2024-05-12 14:49:12;1800380;2950792;612464;15.53;43008;1364696;3549208;89.99;521472;1203956;584;528196;123420;7632;15100;31636
arm;10;2024-05-12 14:49:22;1798680;2953724;609656;15.46;43024;1369156;3549208;89.99;521472;1208304;2460;483764;123452;7616;15080;31620
arm;10;2024-05-12 14:49:32;1794152;2952192;611188;15.50;43040;1372052;3549208;89.99;521484;1211308;4276;483968;123536;7632;15108;31604
arm;10;2024-05-12 14:49:42;1790676;2953388;609848;15.46;43056;1376568;3549200;89.99;521532;1215852;2612;484012;123820;7632;15108;31636
arm;10;2024-05-12 14:49:52;1786248;2953404;609756;15.46;43072;1380864;3549200;89.99;521544;1220004;1708;483864;124028;7632;15108;31636
arm;10;2024-05-12 14:50:02;1774764;2946336;616824;15.64;43088;1385180;3549200;89.99;521560;1224444;5940;484012;124112;7632;15104;31652
arm;10;2024-05-12 14:50:12;1775192;2951136;612064;15.52;43104;1389448;3549208;89.99;521576;1228532;2096;483872;124160;7632;15108;31652
arm;10;2024-05-12 14:50:22;1770560;2950600;612552;15.53;43120;1393412;3549208;89.99;521576;1232660;2840;490712;124324;7632;15104;31652
arm;10;2024-05-12 14:50:32;1769316;2953860;609244;15.45;43136;1397796;3549208;89.99;521592;1237036;7180;502904;124476;7632;15104;31652
arm;10;2024-05-12 14:50:42;1761196;2950320;612868;15.54;43152;1402224;3549208;89.99;521608;1241468;432;510908;124528;7632;15112;31652
arm;10;2024-05-12 14:50:52;1753136;2946520;616644;15.64;43168;1406368;3549208;89.99;521632;1245612;2160;524336;124652;7632;15108;31652
arm;10;2024-05-12 14:51:02;1752168;2949944;612580;15.53;43184;1410608;3549208;89.99;521640;1249872;6352;528188;125428;7632;15108;31652
arm;10;2024-05-12 14:51:12;1748036;2950260;612680;15.53;43200;1414912;3549192;89.99;521656;1254032;10736;528024;125140;7616;15108;31636
arm;10;2024-05-12 14:51:22;1742764;2949392;613668;15.56;43216;1419164;3549192;89.99;521680;1258428;1256;528168;125156;7616;15108;31636
arm;10;2024-05-12 14:51:32;1739824;2950956;612184;15.52;43232;1423572;3549192;89.99;521704;1262860;3508;528240;125156;7632;15152;31636
arm;10;2024-05-12 14:51:42;1735056;2950672;612184;15.52;43248;1427904;3549192;89.99;521728;1267136;7840;528172;125576;7616;15108;31636
arm;10;2024-05-12 14:51:52;1727624;2947796;615368;15.60;43264;1432284;3549192;89.99;521744;1271544;12220;528172;125428;7616;15108;31636
arm;10;2024-05-12 14:52:02;1726784;2951260;611668;15.51;43280;1436456;3549192;89.99;521752;1275728;2708;528172;125780;7616;15108;31636
arm;10;2024-05-12 14:52:12;1720932;2949848;612944;15.54;43296;1440748;3549204;89.99;521776;1280020;7088;528184;126048;7600;15104;31620
arm;10;2024-05-12 14:52:22;1717328;2950504;612372;15.53;43312;1444928;3549204;89.99;521792;1284004;11156;528036;126028;7600;15112;31620
arm;10;2024-05-12 14:52:32;1713696;2951428;611652;15.51;43328;1449336;3549204;89.99;521808;1288432;1940;528036;125956;7600;15112;31620
arm;10;2024-05-12 14:52:42;1709144;2951412;611508;15.50;43344;1453696;3549204;89.99;521808;1293004;6280;528184;126276;7600;15108;31620
arm;10;2024-05-12 14:52:52;1702852;2949516;613392;15.55;43360;1457972;3549204;89.99;521832;1297088;10568;528036;126392;7600;15112;31620
arm;10;2024-05-12 14:53:02;1690156;2941324;621604;15.76;43376;1462280;3549180;89.99;521848;1301464;1412;528036;126552;7616;15108;31620
arm;10;2024-05-12 14:53:12;1692468;2948080;614900;15.59;43392;1466584;3549168;89.99;521860;1305812;5820;528080;126624;7632;15060;31636
arm;10;2024-05-12 14:53:22;1690424;2950276;612804;15.54;43408;1470720;3549168;89.99;521888;1310008;9828;528172;126612;7632;15108;31652
arm;10;2024-05-12 14:53:32;1686028;2949896;612860;15.54;43424;1474644;3549168;89.99;521896;1313772;372;528024;127012;7632;15104;31652
arm;10;2024-05-12 14:53:42;1680804;2949164;613868;15.56;43436;1479000;3549168;89.99;521912;1318268;4736;528172;126860;7632;15108;31652
arm;10;2024-05-12 14:53:52;1676688;2949672;613356;15.55;43464;1483452;3549168;89.99;521936;1322588;9152;528024;127008;7632;15108;31652
arm;10;2024-05-12 14:54:02;1671416;2948864;614036;15.57;43480;1487804;3549196;89.99;521952;1326928;6828;528028;127232;7632;15108;31652
arm;10;2024-05-12 14:54:12;1666552;2948556;614244;15.57;43568;1492112;3549200;89.99;522048;1331392;4044;528176;127492;7616;15108;31604
arm;10;2024-05-12 14:54:23;1662320;2948944;613948;15.57;43584;1496600;3549200;89.99;522056;1335896;8452;528180;127516;7616;15108;31604
arm;10;2024-05-12 14:54:33;1658540;2949560;613232;15.55;43600;1500900;3549200;89.99;522072;1340144;12676;528180;127696;7616;15112;31604
arm;10;2024-05-12 14:54:43;1654596;2949972;612952;15.54;43616;1505112;3549200;89.99;522088;1344376;760;528180;127692;7632;15104;31620
arm;10;2024-05-12 14:54:53;1647676;2947336;615620;15.61;43632;1509220;3549200;89.99;522108;1348428;4868;528088;127820;7616;15060;31620
arm;10;2024-05-12 14:55:03;1645228;2949308;613604;15.56;43648;1513544;3549200;89.99;522128;1352796;9364;528180;127944;7632;15108;31604
arm;10;2024-05-12 14:55:13;1641592;2949664;612280;15.52;43664;1517396;3549192;89.99;522136;1356588;268;528088;129036;7664;15148;31620
arm;10;2024-05-12 14:55:23;1634324;2947088;615584;15.61;43680;1521944;3549192;89.99;522156;1361196;4692;528032;128436;7648;15124;31620
arm;10;2024-05-12 14:55:33;1633780;2950992;611772;15.51;43696;1526276;3549192;89.99;522172;1365500;9028;528148;128444;7648;15104;31636
arm;10;2024-05-12 14:55:43;1628636;2950200;612180;15.52;43712;1530496;3549192;89.99;522188;1369708;13248;528144;128944;7648;15104;31636
arm;10;2024-05-12 14:55:53;1621684;2947756;615036;15.59;43728;1534896;3549192;89.99;522204;1374088;3756;528152;128624;7648;15104;31636
arm;10;2024-05-12 14:56:03;1619756;2950436;612228;15.52;43744;1539352;3549196;89.99;522224;1378600;8200;528176;128888;7648;15108;31636
arm;10;2024-05-12 14:56:13;1616464;2951544;611148;15.50;43756;1543572;3549204;89.99;522232;1382892;12504;528256;129028;7664;15148;31636
arm;10;2024-05-12 14:56:23;1603052;2942488;620136;15.72;43768;1547852;3549204;89.99;522248;1387068;2736;528184;129160;7648;15108;31636
arm;10;2024-05-12 14:56:33;1600692;2944604;618164;15.67;43784;1552176;3555208;90.14;522272;1394292;7244;531056;129152;7680;15276;31676
arm;10;2024-05-12 14:56:43;1597428;2945824;616856;15.64;43800;1556488;3555208;90.14;522292;1398736;11268;531148;129396;7696;15320;31676
arm;10;2024-05-12 14:56:53;1594488;2947440;615216;15.60;43816;1560904;3555208;90.14;522316;1403136;2060;531148;129544;7696;15320;31676
arm;10;2024-05-12 14:57:03;1589696;2947112;615616;15.61;43832;1565208;3555184;90.14;522332;1407436;6384;531148;129616;7696;15328;31676
arm;10;2024-05-12 14:57:13;1586060;2947688;614768;15.59;43848;1569328;3555184;90.14;522348;1411548;10584;531148;129964;7696;15328;31676
arm;10;2024-05-12 14:57:23;1581880;2948052;614540;15.58;43864;1573768;3555184;90.14;522364;1415800;3868;531000;129916;7696;15324;31676
arm;10;2024-05-12 14:57:33;1575688;2946220;616284;15.63;43880;1578000;3555184;90.14;522376;1420092;8104;531056;130116;7680;15276;31676
arm;10;2024-05-12 14:57:43;1571940;2947112;615612;15.61;43896;1582424;3555184;90.14;522388;1424684;12532;531148;130096;7696;15324;31660
arm;10;2024-05-12 14:57:53;1560408;2939620;623160;15.80;43912;1586324;3555184;90.14;522412;1428584;196;531148;130164;7696;15324;31692
arm;10;2024-05-12 14:58:03;1559308;2942868;619760;15.71;43932;1590564;3555208;90.14;522432;1432784;3756;531144;130404;7696;15328;31708
arm;10;2024-05-12 14:58:13;1558756;2946808;615688;15.61;43948;1594952;3555216;90.14;522448;1437156;8104;531156;130624;7664;15324;31676
arm;10;2024-05-12 14:58:23;1554628;2947184;615084;15.60;43964;1599300;3555216;90.14;522464;1441524;4164;531156;130992;7664;15336;31676
arm;10;2024-05-12 14:58:33;1551744;2948804;613764;15.56;43980;1603668;3555216;90.14;522480;1445732;1804;531008;130812;7648;15328;31660
arm;10;2024-05-12 14:58:43;1543508;2945124;617516;15.66;43996;1608092;3555216;90.14;522496;1450304;6228;531152;130856;7648;15328;31660
arm;10;2024-05-12 14:58:53;1540304;2945220;617248;15.65;44028;1611268;3555216;90.14;522528;1453488;160;531156;131120;7664;15332;31660
arm;10;2024-05-12 14:59:03;1497824;2907064;655636;16.62;44212;1615184;3580456;90.78;536012;1467424;504;554396;131112;7648;15256;31668
arm;10;2024-05-12 14:59:13;1464440;2895248;667296;16.92;45796;1633488;3592136;91.08;535568;1496708;1864;563444;132948;7712;15400;31684
arm;10;2024-05-12 14:59:23;1470820;2915572;646708;16.40;46464;1645700;3547668;89.95;538004;1499852;744;556088;134276;7696;15336;31684
arm;10;2024-05-12 14:59:33;1450744;2900612;661688;16.78;47180;1649216;3548476;89.97;538156;1504064;2652;556184;135140;7664;15228;31700
arm;10;2024-05-12 14:59:43;1440304;2932004;630208;15.98;47876;1689312;3527368;89.44;545780;1514584;3460;533428;136268;7688;15240;31652
arm;10;2024-05-12 14:59:53;1402684;2898808;663316;16.82;48332;1692728;3548880;89.98;547280;1539708;2060;556300;136908;7712;15348;31772
arm;10;2024-05-12 15:00:03;1433564;2932736;629344;15.96;48660;1695408;3527800;89.45;548564;1518660;488;533560;136992;7680;15208;31788
arm;10;2024-05-12 15:00:13;1396164;2904904;657280;16.67;50284;1702788;3560148;90.27;550868;1550604;1512;558856;137452;7792;15440;31796
arm;10;2024-05-12 15:00:23;1377888;2908120;653928;16.58;51572;1720728;3548488;89.97;552444;1565900;2308;556416;139852;7712;15244;31732
arm;10;2024-05-12 15:00:33;1366836;2914236;647712;16.42;53120;1735940;3549056;89.99;555056;1582972;972;558064;140360;7728;15252;31748
arm;10;2024-05-12 15:00:43;1209428;2847140;714380;18.11;53860;1823040;3615408;91.67;558292;1698376;2076;588924;143260;7936;15764;31900
arm;10;2024-05-12 15:00:53;1210248;2876948;684496;17.36;54208;1850872;3594668;91.14;558748;1709100;1652;569988;144144;7872;15468;31852
arm;10;2024-05-12 15:01:03;1228284;2901724;659796;16.73;55392;1855784;3549136;89.99;560028;1705748;1096;559660;144712;7760;15252;31796
arm;10;2024-05-12 15:01:13;1228984;2912668;648848;16.45;56992;1864076;3549000;89.99;562060;1707280;1612;513364;145068;7760;15244;31812
arm;10;2024-05-12 15:01:24;1221440;2913024;648628;16.45;58912;1869492;3549000;89.99;563216;1713620;2252;513356;145496;7744;15160;31780
arm;10;2024-05-12 15:01:34;1191660;2904008;657312;16.67;59580;1888568;3549000;89.99;559204;1737292;452;513432;146848;7752;15352;31796
arm;10;2024-05-12 15:01:44;1182112;2898712;662584;16.80;61216;1890484;3549256;89.99;561092;1739128;2600;513500;147572;7760;15324;31748
arm;10;2024-05-12 15:01:54;1158180;2898976;662188;16.79;62076;1910240;3560788;90.28;562012;1761184;3376;515856;151284;7792;15396;31780
arm;10;2024-05-12 15:02:04;1130636;2893608;667364;16.92;63600;1926384;3560960;90.29;563728;1783544;5632;522220;155984;7776;15384;31796
arm;10;2024-05-12 15:02:14;1110360;2894560;666132;16.89;64344;1945608;3560972;90.29;564492;1802904;548;522464;157524;7792;15396;31796
arm;10;2024-05-12 15:02:24;1101196;2900908;659784;16.73;65512;1957236;3560212;90.27;570348;1811756;4284;524372;160240;7776;15300;31796
arm;10;2024-05-12 15:02:34;1020620;2867616;692868;17.57;66804;2001924;3561176;90.29;572080;1863364;4396;531700;161752;7824;15408;31828
arm;10;2024-05-12 15:02:44;838204;2837960;722040;18.31;66832;2150460;3561176;90.29;572120;2012028;58456;531796;166432;7792;15412;31828
arm;12;2024-05-12 15:02:56;874296;2874052;685956;17.39;66836;2150456;3561236;90.30;572120;2003804;26160;529632;166424;7792;15416;31828
arm;10;2024-05-12 15:03:06;848296;2882788;677100;17.17;67472;2183680;3550696;90.03;576056;2033512;1944;541596;167420;7848;15244;31860
arm;10;2024-05-12 15:03:16;818424;2868912;690952;17.52;69404;2197228;3549736;90.00;581064;2044048;2092;549620;167960;7808;15244;31844
arm;10;2024-05-12 15:03:26;733772;2867144;691648;17.54;69632;2276668;3561332;90.30;581288;2129412;2452;568804;172248;7808;15364;31860
arm;10;2024-05-12 15:03:36;701580;2874496;684908;17.37;69784;2314420;3561392;90.30;581448;2163424;428;524616;173276;7792;15408;31844
arm;10;2024-05-12 15:03:46;640408;2871856;687324;17.43;70004;2370272;3561328;90.30;581656;2219216;1564;524572;175960;7792;15412;31828
arm;10;2024-05-12 15:03:56;573412;2873304;685616;17.38;70264;2435628;3561328;90.30;581916;2284572;1128;524592;179048;7792;15408;31844
arm;10;2024-05-12 15:04:06;503276;2866312;692392;17.56;70300;2496468;3561344;90.30;581964;2345080;96;524656;181532;7792;15408;31844
arm;13;2024-05-12 15:04:19;377520;2850060;708248;17.96;70312;2602728;3561264;90.30;581972;2451308;184;524556;185160;7808;15420;31828
arm;10;2024-05-12 15:04:29;207276;2820620;737256;18.69;70400;2739328;3561276;90.30;582060;2587720;420;524436;189708;7792;15416;31828
arm;10;2024-05-12 15:04:39;224776;2858072;699808;17.74;70412;2758632;3561276;90.30;582076;2607212;480;524608;190340;7792;15436;31828
arm;10;2024-05-12 15:04:49;121740;2842408;715172;18.13;70460;2843344;3561276;90.30;582116;2691812;11920;524504;193252;7792;15364;31844
arm;10;2024-05-12 15:04:59;62516;2846484;710948;18.03;70512;2904520;3561276;90.30;582176;2753128;476;524596;195472;7776;15412;31844
arm;10;2024-05-12 15:05:09;78688;2917120;640036;16.23;70564;2959764;3561260;90.30;584276;2806344;688;524604;194916;7776;15412;31796
arm;12;2024-05-12 15:05:21;46192;2913600;643252;16.31;70596;2987272;3561248;90.30;585540;2832436;8;524504;196656;7744;15388;31780
arm;10;2024-05-12 15:05:31;32432;2913592;643292;16.31;66800;3003248;3561248;90.30;573548;2856704;124;524508;198196;7728;15364;31780
arm;10;2024-05-12 15:05:41;37016;2917976;638836;16.20;65776;3003144;3561248;90.30;568664;2860520;1364;524636;199196;7744;15416;31796
arm;10;2024-05-12 15:05:51;54676;2924240;632312;16.03;65340;2990384;3549720;90.00;563408;2843524;0;515724;201256;7728;15364;31748
arm;12;2024-05-12 15:06:03;30184;2904820;651868;16.53;67928;2991140;3561680;90.31;565048;2860220;476;524796;202848;7744;15372;31748
arm;10;2024-05-12 15:06:13;32244;2906416;650188;16.49;67816;2990548;3561680;90.31;562668;2861860;16684;524760;203172;7744;15424;31780
arm;14;2024-05-12 15:06:27;44528;2903224;653440;16.57;67728;2974832;3598552;91.24;534900;2886772;14484;544272;203440;7904;15584;31900
arm;10;2024-05-12 15:06:37;35576;2896680;659996;16.73;67740;2977304;3597044;91.20;534224;2888620;30772;542812;203352;7888;15576;31884
arm;10;2024-05-12 15:06:47;43980;2893496;663108;16.81;67772;2966184;3598964;91.25;530848;2882172;660;537552;202924;7888;15612;31900
arm;17;2024-05-12 15:07:05;38292;2889536;667280;16.92;69816;2965604;3643544;92.38;534340;2878040;2284;533936;202976;7888;15476;31916
arm;10;2024-05-12 15:07:15;42620;2901284;655468;16.62;71616;2971272;3551668;90.05;538936;2858184;3448;517112;202992;7888;15420;31956
arm;10;2024-05-12 15:07:25;196852;2921480;635476;16.11;71920;2838524;3551096;90.04;540040;2724912;7104;517092;201196;7776;15376;31796
arm;10;2024-05-12 15:07:35;198744;2928220;628456;15.93;73012;2842444;3541648;89.80;542520;2706648;4920;506576;201312;7760;15356;31748
arm;10;2024-05-12 15:07:45;168676;2900700;655736;16.63;73528;2844476;3676412;93.22;559184;2701320;5532;523132;201552;8000;15504;32252
arm;10;2024-05-12 15:07:55;176128;2912092;644372;16.34;74576;2847416;3566864;90.44;563008;2698968;3632;535860;201476;8000;15928;32156
arm;10;2024-05-12 15:08:05;148776;2895880;660448;16.75;75796;2857436;3563412;90.35;568492;2719456;1940;556100;201512;7904;15600;32140
arm;10;2024-05-12 15:08:15;132504;2893344;663180;16.82;75836;2870980;3582280;90.83;572416;2732368;1956;559448;201468;7888;15472;31876
arm;10;2024-05-12 15:08:25;152764;2922688;633880;16.07;78756;2877032;3552564;90.08;581688;2703180;3324;530536;201536;7824;15216;31892
arm;10;2024-05-12 15:08:35;153648;2869512;684732;17.36;77992;2826956;3697892;93.76;584224;2715852;2500;597144;200640;7888;15604;31868
arm;10;2024-05-12 15:08:45;282532;2958000;596304;15.12;78016;2787708;3485768;88.38;541232;2626888;108;506372;199408;7760;14848;31764
arm;10;2024-05-12 15:08:55;280232;2956552;597772;15.16;78044;2787808;3486236;88.39;581080;2588332;520;468076;200112;7760;14864;31732
arm;10;2024-05-12 15:09:05;283892;2960228;596480;15.12;78060;2785424;3483852;88.33;581096;2588464;508;468116;200112;7776;14868;31732
arm;10;2024-05-12 15:09:15;284792;2961132;595564;15.10;78068;2785432;3483756;88.33;581096;2588316;384;468088;200112;7760;14848;31748
arm;10;2024-05-12 15:09:25;284940;2961308;595384;15.10;78100;2785432;3483756;88.33;581120;2588316;16;468084;200112;7744;14848;31716
arm;10;2024-05-12 15:09:35;285044;2961436;595272;15.09;78104;2785436;3483756;88.33;581140;2588324;8;468088;200112;7744;14852;31732
arm;10;2024-05-12 15:09:45;284940;2961340;595368;15.10;78112;2785436;3483756;88.33;581148;2588324;0;468088;200112;7744;14852;31748
arm;10;2024-05-12 15:09:55;284792;2961204;595504;15.10;78120;2785440;3483756;88.33;581156;2588304;8;467960;200112;7728;14852;31748
arm;10;2024-05-12 15:10:05;284792;2961212;595488;15.10;78128;2785448;3483764;88.33;581164;2588176;0;467936;200112;7728;14848;31748
arm;10;2024-05-12 15:10:15;286824;2963260;593440;15.05;78140;2785452;3483764;88.33;581176;2588184;100;467940;200112;7728;14848;31748
arm;10;2024-05-12 15:10:25;286572;2963032;593668;15.05;78164;2785452;3483772;88.33;581200;2588192;8;467800;200112;7728;14848;31732
arm;10;2024-05-12 15:10:35;286320;2962788;593908;15.06;78168;2785456;3483772;88.33;581204;2588324;0;474760;200116;7728;14852;31748
arm;10;2024-05-12 15:10:45;287716;2964268;592424;15.02;78188;2785524;3481816;88.28;581300;2586496;8;483100;200116;7712;14768;31692
